Input File,Hash Type?,NSRL SHA-1 or MD5 Match,VirusTotal Link,VirusTotal Scan Date,VirusTotal SHA256,VirusTotal SHA1,VirusTotal MD5,VirusTotal Verbose Msg,VirusTotal Positive Scans,VirusTotal Total Scans,VirusTotal Conviction Percentage,VirusTotal Scan Results,ThreatCrowd URL,ThreatCrowd SHA-1,ThreatCrowd MD5,ThreatCrowd IPs,ThreatCrowd References,ThreatCrowd Domains,ThreatCrowd Scans,OTX URL,OTX Pulses,OTX References,OTX Malware,OTX Analysis SHA 1,OTX Analysis SHA 256,OTX Analysis MD5,OTX Analysis SSDeep,OTX Analysis File Size,OTX Analysis File Class,OTX Analysis File Type,ThreatExpert URL,ThreatExpert Findings
275A021BBFB6489E54D471899F7DB9D1663FC695EC2FE2A2C4538AABF651FD0F,SHA-256,False,https://www.virustotal.com/file/275a021bbfb6489e54d471899f7db9d1663fc695ec2fe2a2c4538aabf651fd0f/analysis/1474158352/,2016-09-18 00:25:52,275a021bbfb6489e54d471899f7db9d1663fc695ec2fe2a2c4538aabf651fd0f,3395856ce81f2b7382dee72602f798b642f14140,44d88612fea8a8f36de82e1278abb02f,"Scan finished, information embedded",53,55,96.3636363636,"Bkav Detected: True Result: DOS.EiracA.Trojan Version:  Update: 20160917
MicroWorld-eScan Detected: True Result: EICAR-Test-File Version:  Update: 20160918
nProtect Detected: True Result: EICAR-Test-File Version:  Update: 20160917
CMC Detected: True Result: Eicar.test.file Version:  Update: 20160916
CAT-QuickHeal Detected: True Result: EICAR.TestFile Version:  Update: 20160917
McAfee Detected: True Result: EICAR test file Version:  Update: 20160917
Malwarebytes Detected: False Result: None Version:  Update: 20160917
Zillya Detected: True Result: EICAR.TestFile Version:  Update: 20160915
AegisLab Detected: True Result: EICAR-Test-File!c Version:  Update: 20160917
TheHacker Detected: True Result: EICAR_Test_File Version:  Update: 20160916
BitDefender Detected: True Result: EICAR-Test-File (not a virus) Version:  Update: 20160917
K7GW Detected: True Result: EICAR_Test_File Version:  Update: 20160917
K7AntiVirus Detected: True Result: EICAR_Test_File Version:  Update: 20160917
Baidu Detected: True Result: Win32.Test.Eicar.a Version:  Update: 20160914
F-Prot Detected: True Result: EICAR_Test_File Version:  Update: 20160917
Symantec Detected: True Result: EICAR Test String Version:  Update: 20160918
ESET-NOD32 Detected: True Result: Eicar test file Version:  Update: 20160917
TrendMicro-HouseCall Detected: True Result: Eicar_test_file Version:  Update: 20160918
Avast Detected: True Result: EICAR Test-NOT virus!!! Version:  Update: 20160918
ClamAV Detected: True Result: Eicar-Test-Signature Version:  Update: 20160916
Kaspersky Detected: True Result: EICAR-Test-File Version:  Update: 20160917
Alibaba Detected: False Result: None Version:  Update: 20160914
NANO-Antivirus Detected: True Result: Marker.Dos.EICAR.dymlmx Version:  Update: 20160918
ViRobot Detected: True Result: EICAR-test[h] Version:  Update: 20160917
Rising Detected: True Result: EICAR-Test-File (classic) Version:  Update: 20160918
Ad-Aware Detected: True Result: EICAR-Test-File (not a virus) Version:  Update: 20160918
Sophos Detected: True Result: EICAR-AV-Test Version:  Update: 20160918
Comodo Detected: True Result: EICAR-Test-File Version:  Update: 20160916
F-Secure Detected: True Result: EICAR_Test_File Version:  Update: 20160917
DrWeb Detected: True Result: EICAR Test File (NOT a Virus!) Version:  Update: 20160917
VIPRE Detected: True Result: EICAR (v) Version:  Update: 20160918
TrendMicro Detected: True Result: Eicar_test_file Version:  Update: 20160918
McAfee-GW-Edition Detected: True Result: EICAR test file Version:  Update: 20160918
Emsisoft Detected: True Result: EICAR-Test-File (not a virus) (B) Version:  Update: 20160917
Cyren Detected: True Result: EICAR_Test_File Version:  Update: 20160917
Jiangmin Detected: True Result: EICAR-Test-File Version:  Update: 20160917
Avira Detected: True Result: Eicar-Test-Signature Version:  Update: 20160917
Fortinet Detected: True Result: EICAR_TEST_FILE Version:  Update: 20160917
Antiy-AVL Detected: True Result: TestFile/Win32.EICAR Version:  Update: 20160918
Kingsoft Detected: True Result: Test.eicar.aa Version:  Update: 20160918
Arcabit Detected: True Result: EICAR-Test-File (not a virus) Version:  Update: 20160917
SUPERAntiSpyware Detected: True Result: NotAThreat.EICAR[TestFile] Version:  Update: 20160917
Microsoft Detected: True Result: Virus:DOS/EICAR_Test_File Version:  Update: 20160917
AhnLab-V3 Detected: True Result: EICAR_Test_File Version:  Update: 20160917
ALYac Detected: True Result: Misc.Eicar-Test-File Version:  Update: 20160918
AVware Detected: True Result: EICAR (v) Version:  Update: 20160917
VBA32 Detected: True Result: EICAR-Test-File Version:  Update: 20160917
Zoner Detected: True Result: EICAR.Test.File-NoVirus Version:  Update: 20160917
Tencent Detected: True Result: EICAR.TEST.NOT-A-VIRUS Version:  Update: 20160918
Yandex Detected: True Result: EICAR_test_file Version:  Update: 20160917
Ikarus Detected: True Result: EICAR-Test-File Version:  Update: 20160917
GData Detected: True Result: EICAR-Test-File (not a virus) Version:  Update: 20160917
AVG Detected: True Result: EICAR_Test Version:  Update: 20160918
Panda Detected: True Result: EICAR-AV-TEST-FILE Version:  Update: 20160917
Qihoo-360 Detected: True Result: qex.eicar.gen.gen Version:  Update: 20160918",NA,,,,,,,https://otx.alienvault.com/indicator/file/275a021bbfb6489e54d471899f7db9d1663fc695ec2fe2a2c4538aabf651fd0f,1,,None,3395856ce81f2b7382dee72602f798b642f14140,275a021bbfb6489e54d471899f7db9d1663fc695ec2fe2a2c4538aabf651fd0f,44d88612fea8a8f36de82e1278abb02f,,68,None,"ASCII text, with no line terminators",N/A,
001025C6D4974FB2CCBEA56F710282ACA6C1353CC7120D5D4A7853688084953A,SHA-256,False,https://www.virustotal.com/file/001025c6d4974fb2ccbea56f710282aca6c1353cc7120d5d4a7853688084953a/analysis/1472555297/,2016-08-30 11:08:17,001025c6d4974fb2ccbea56f710282aca6c1353cc7120d5d4a7853688084953a,84c17e0ce55db895c7f62c6838a061a9a77007d7,fadc983f4577da8a7caa35e5096ddf14,"Scan finished, information embedded",38,57,66.6666666667,"Bkav Detected: True Result: W32.HfsAdware.59EA Version:  Update: 20160829
MicroWorld-eScan Detected: False Result: None Version:  Update: 20160830
nProtect Detected: False Result: None Version:  Update: 20160830
CMC Detected: False Result: None Version:  Update: 20160830
CAT-QuickHeal Detected: False Result: None Version:  Update: 20160830
McAfee Detected: True Result: Artemis!FADC983F4577 Version:  Update: 20160830
Malwarebytes Detected: True Result: PUP.Optional.OptimizerPro Version:  Update: 20160830
VIPRE Detected: True Result: OptimizerPro (fs) (not malicious) Version:  Update: 20160830
TheHacker Detected: False Result: None Version:  Update: 20160829
BitDefender Detected: True Result: Application.Generic.1564298 Version:  Update: 20160830
K7GW Detected: True Result: Adware ( 004c3e641 ) Version:  Update: 20160830
K7AntiVirus Detected: True Result: Adware ( 004c3e641 ) Version:  Update: 20160830
TrendMicro Detected: False Result: None Version:  Update: 20160830
Baidu Detected: False Result: None Version:  Update: 20160830
F-Prot Detected: True Result: W32/Trojan2.OVYQ Version:  Update: 20160830
Symantec Detected: True Result: SMG.Heur!gen Version:  Update: 20160830
TotalDefense Detected: False Result: None Version:  Update: 20160830
TrendMicro-HouseCall Detected: True Result: TROJ_GE.06094129 Version:  Update: 20160830
Avast Detected: True Result: Win32:PUP-gen [PUP] Version:  Update: 20160830
ClamAV Detected: False Result: None Version:  Update: 20160830
Kaspersky Detected: True Result: not-a-virus:HEUR:RiskTool.Win32.Generic Version:  Update: 20160830
Alibaba Detected: False Result: None Version:  Update: 20160830
NANO-Antivirus Detected: True Result: Riskware.Win32.Unwanted.eaeozl Version:  Update: 20160830
ViRobot Detected: False Result: None Version:  Update: 20160830
AegisLab Detected: False Result: None Version:  Update: 20160830
Rising Detected: True Result: Malware.Undefined!8.C-7p3fz8pKI3D (Cloud) Version:  Update: 20160830
Ad-Aware Detected: True Result: Application.Generic.1564298 Version:  Update: 20160830
Sophos Detected: True Result: Generic PUA AB (PUA) Version:  Update: 20160830
Comodo Detected: False Result: None Version:  Update: 20160830
F-Secure Detected: True Result: Application.Generic.1564298 Version:  Update: 20160830
DrWeb Detected: True Result: Trojan.Ptop.68 Version:  Update: 20160830
Zillya Detected: True Result: Adware.OptimizerProCRTD.Win32.318 Version:  Update: 20160830
Invincea Detected: True Result: virus.win32.sality.at Version:  Update: 20160830
McAfee-GW-Edition Detected: True Result: BehavesLike.Win32.Jeefo.rc Version:  Update: 20160830
Emsisoft Detected: True Result: Adware.GenericKD.3255527 (B) Version:  Update: 20160830
Cyren Detected: True Result: W32/Trojan.KBXY-4410 Version:  Update: 20160830
Jiangmin Detected: False Result: None Version:  Update: 20160830
Avira Detected: True Result: PUA/OptimizerPro.RE Version:  Update: 20160830
Fortinet Detected: True Result: Riskware/Generic Version:  Update: 20160830
Antiy-AVL Detected: True Result: Trojan[FakeAV]/Win32.Agent Version:  Update: 20160830
Kingsoft Detected: False Result: None Version:  Update: 20160830
Arcabit Detected: True Result: Adware.Generic.D31ACCA Version:  Update: 20160830
SUPERAntiSpyware Detected: False Result: None Version:  Update: 20160830
Microsoft Detected: False Result: None Version:  Update: 20160830
AhnLab-V3 Detected: True Result: PUP/Win32.OptimizerPro.R149627 Version:  Update: 20160830
VBA32 Detected: True Result: TrojanFakeAV.Agent Version:  Update: 20160829
AVware Detected: True Result: OptimizerPro (fs) Version:  Update: 20160830
Zoner Detected: False Result: None Version:  Update: 20160830
ESET-NOD32 Detected: True Result: a variant of Win32/Adware.SpeedingUpMyPC.AE Version:  Update: 20160830
Tencent Detected: False Result: None Version:  Update: 20160830
Yandex Detected: True Result: Riskware.SpeedingUpMyPC! Version:  Update: 20160828
Ikarus Detected: True Result: PUA.Generic Version:  Update: 20160830
GData Detected: True Result: Application.Generic.1564298 Version:  Update: 20160830
AVG Detected: True Result: Generic7.BCS Version:  Update: 20160830
Panda Detected: True Result: Trj/CI.A Version:  Update: 20160829
CrowdStrike Detected: True Result: malicious_confidence_99% (D) Version:  Update: 20160725
Qihoo-360 Detected: True Result: Win32/Virus.IM.2bf Version:  Update: 20160830",NA,,,,,,,https://otx.alienvault.com/indicator/file/001025c6d4974fb2ccbea56f710282aca6c1353cc7120d5d4a7853688084953a,0,,None,84c17e0ce55db895c7f62c6838a061a9a77007d7,001025c6d4974fb2ccbea56f710282aca6c1353cc7120d5d4a7853688084953a,fadc983f4577da8a7caa35e5096ddf14,98304:7woRIqXAfJt102DXdmdA+1xgoGKPhNHiEhDCn0U8xF7Eek:BRJXAT102DXdmdA+1xgoGKiUCh0Pk,4418392,PEXE,"PE32 executable (GUI) Intel 80386, for MS Windows",N/A,
001025C6D4974FB2CCBEA56F710282ACA6C1353CC7120D5D4A7853688084953B,SHA-256,False,,,,,,"The requested resource is not among the finished, queued or pending scans",0,0,NaN,,NA,,,,,,,https://otx.alienvault.com/indicator/file/001025c6d4974fb2ccbea56f710282aca6c1353cc7120d5d4a7853688084953b,0,,None,,,,,,,,N/A,
CEEF161D68AE2B690FA9616361271578,MD5,False,https://www.virustotal.com/file/cebf5c1c762cff1c0442320b118ac83d76266b6358bc768205788bba31abdf24/analysis/1472635960/,2016-08-31 09:32:40,cebf5c1c762cff1c0442320b118ac83d76266b6358bc768205788bba31abdf24,536f9792b32a1eb2cc5ecd463d2fbed01d28175c,ceef161d68ae2b690fa9616361271578,"Scan finished, information embedded",47,58,81.0344827586,"Bkav Detected: False Result: None Version:  Update: 20160831
MicroWorld-eScan Detected: True Result: Generic.MSIL.Bladabindi.3D8207C9 Version:  Update: 20160831
nProtect Detected: False Result: None Version:  Update: 20160831
CMC Detected: False Result: None Version:  Update: 20160830
CAT-QuickHeal Detected: True Result: Trojan.Bladabindi.B3 Version:  Update: 20160831
ALYac Detected: True Result: Generic.MSIL.Bladabindi.3D8207C9 Version:  Update: 20160831
Malwarebytes Detected: True Result: Trojan.Agent.MSIL Version:  Update: 20160831
VIPRE Detected: True Result: Backdoor.MSIL.Bladabindi.a (v) Version:  Update: 20160831
TheHacker Detected: False Result: None Version:  Update: 20160829
BitDefender Detected: True Result: Generic.MSIL.Bladabindi.3D8207C9 Version:  Update: 20160831
K7GW Detected: True Result: Trojan ( 700000121 ) Version:  Update: 20160831
K7AntiVirus Detected: True Result: Trojan ( 700000121 ) Version:  Update: 20160831
Invincea Detected: True Result: backdoor.msil.bladabindi.aj Version:  Update: 20160830
Baidu Detected: True Result: MSIL.Backdoor.Bladabindi.a Version:  Update: 20160831
F-Prot Detected: True Result: W32/MSIL_Bladabindi.A2.gen!Eldorado Version:  Update: 20160831
Symantec Detected: True Result: Heur.AdvML.B Version:  Update: 20160831
TotalDefense Detected: True Result: Win32/DotNetDl.A!generic Version:  Update: 20160831
TrendMicro-HouseCall Detected: True Result: BKDR_BLADABI.SMC Version:  Update: 20160831
Avast Detected: True Result: MSIL:Agent-CTT [Trj] Version:  Update: 20160831
ClamAV Detected: True Result: Win.Trojan.B-468 Version:  Update: 20160831
Kaspersky Detected: True Result: HEUR:Trojan.Win32.Generic Version:  Update: 20160831
Alibaba Detected: False Result: None Version:  Update: 20160831
NANO-Antivirus Detected: True Result: Trojan.Win32.DownLoader10.ctopxm Version:  Update: 20160831
ViRobot Detected: False Result: None Version:  Update: 20160831
AegisLab Detected: True Result: Troj.W32.Gen.lZFZ Version:  Update: 20160831
Rising Detected: True Result: Backdoor.MSIL.Bladabindi!1.9E49 (classic) Version:  Update: 20160831
Ad-Aware Detected: True Result: Generic.MSIL.Bladabindi.3D8207C9 Version:  Update: 20160831
Sophos Detected: True Result: Troj/MSIL-HX Version:  Update: 20160831
Comodo Detected: True Result: TrojWare.MSIL.Bladabindi.KX Version:  Update: 20160831
F-Secure Detected: True Result: Generic.MSIL.Bladabindi.3D8207C9 Version:  Update: 20160831
DrWeb Detected: True Result: Trojan.DownLoader10.20236 Version:  Update: 20160831
Zillya Detected: True Result: Trojan.Bladabindi.Win32.15117 Version:  Update: 20160831
TrendMicro Detected: True Result: BKDR_BLADABI.SMC Version:  Update: 20160831
McAfee-GW-Edition Detected: True Result: BehavesLike.Win32.BackdoorNJRat.mm Version:  Update: 20160831
Emsisoft Detected: True Result: Generic.MSIL.Bladabindi.3D8207C9 (B) Version:  Update: 20160831
Cyren Detected: True Result: W32/MSIL_Bladabindi.A2.gen!Eldorado Version:  Update: 20160831
Jiangmin Detected: False Result: None Version:  Update: 20160831
Avira Detected: True Result: TR/ATRAPS.Gen Version:  Update: 20160831
Fortinet Detected: True Result: MSIL/Agent.PPV!tr Version:  Update: 20160831
Antiy-AVL Detected: True Result: Trojan[:HEUR]/Win32.AGeneric Version:  Update: 20160831
Kingsoft Detected: False Result: None Version:  Update: 20160831
Arcabit Detected: True Result: Generic.MSIL.Bladabindi.3D8207C9 Version:  Update: 20160831
SUPERAntiSpyware Detected: True Result: Trojan.Agent/Gen-Barys Version:  Update: 20160831
Microsoft Detected: True Result: Backdoor:MSIL/Bladabindi.AJ Version:  Update: 20160831
AhnLab-V3 Detected: True Result: Trojan/Win32.Generic.R108665 Version:  Update: 20160831
McAfee Detected: True Result: Trojan-FIGN Version:  Update: 20160831
AVware Detected: True Result: Backdoor.MSIL.Bladabindi.a (v) Version:  Update: 20160831
VBA32 Detected: False Result: None Version:  Update: 20160831
Zoner Detected: False Result: None Version:  Update: 20160831
ESET-NOD32 Detected: True Result: a variant of MSIL/Bladabindi.AS Version:  Update: 20160831
Tencent Detected: True Result: Win32.Trojan.Generic.Tdzr Version:  Update: 20160831
Yandex Detected: True Result: Trojan.RatJn.Gen.MG Version:  Update: 20160830
Ikarus Detected: True Result: Trojan.MSIL.Bladabindi Version:  Update: 20160831
GData Detected: True Result: Generic.MSIL.Bladabindi.3D8207C9 Version:  Update: 20160831
AVG Detected: True Result: PSW.ILUSpy Version:  Update: 20160831
Panda Detected: True Result: Trj/GdSda.A Version:  Update: 20160831
CrowdStrike Detected: True Result: malicious_confidence_100% (W) Version:  Update: 20160725
Qihoo-360 Detected: False Result: None Version:  Update: 20160831",https://www.threatcrowd.org/malware.php?md5=ceef161d68ae2b690fa9616361271578,536f9792b32a1eb2cc5ecd463d2fbed01d28175c,ceef161d68ae2b690fa9616361271578,194.58.74.79,,root123.ddns.net,,https://otx.alienvault.com/indicator/file/CEEF161D68AE2B690FA9616361271578,0,,None,536f9792b32a1eb2cc5ecd463d2fbed01d28175c,cebf5c1c762cff1c0442320b118ac83d76266b6358bc768205788bba31abdf24,ceef161d68ae2b690fa9616361271578,384:EqG9WgS1pKCIdJGG/EyZ+XLCPY1G2ZV/rljITFKiwyexivdK0LE2rWGMbiNrxw+s:Wdj/nZkCQYo/rpk8ge8lK0LtWDbuVJ,29184,PEXE,"PE32 executable (GUI) Intel 80386 Mono/.Net assembly, for MS Windows",http://www.threatexpert.com/reports.aspx?find=CEEF161D68AE2B690FA9616361271578,Trojan:MSIL/Bladabindi.B
D41D8CD98F00B204E9800998ECF8427E,MD5,True,https://www.virustotal.com/file/e3b0c44298fc1c149afbf4c8996fb92427ae41e4649b934ca495991b7852b855/analysis/1474160392/,2016-09-18 00:59:52,e3b0c44298fc1c149afbf4c8996fb92427ae41e4649b934ca495991b7852b855,da39a3ee5e6b4b0d3255bfef95601890afd80709,d41d8cd98f00b204e9800998ecf8427e,"Scan finished, information embedded",0,55,0.0,"Bkav Detected: False Result: None Version:  Update: 20160917
MicroWorld-eScan Detected: False Result: None Version:  Update: 20160918
nProtect Detected: False Result: None Version:  Update: 20160917
CMC Detected: False Result: None Version:  Update: 20160916
CAT-QuickHeal Detected: False Result: None Version:  Update: 20160917
McAfee Detected: False Result: None Version:  Update: 20160917
Malwarebytes Detected: False Result: None Version:  Update: 20160917
VIPRE Detected: False Result: None Version:  Update: 20160918
AegisLab Detected: False Result: None Version:  Update: 20160917
TheHacker Detected: False Result: None Version:  Update: 20160916
BitDefender Detected: False Result: None Version:  Update: 20160918
K7GW Detected: False Result: None Version:  Update: 20160917
K7AntiVirus Detected: False Result: None Version:  Update: 20160917
Arcabit Detected: False Result: None Version:  Update: 20160917
Baidu Detected: False Result: None Version:  Update: 20160914
F-Prot Detected: False Result: None Version:  Update: 20160918
Symantec Detected: False Result: None Version:  Update: 20160918
ESET-NOD32 Detected: False Result: None Version:  Update: 20160917
TrendMicro-HouseCall Detected: False Result: None Version:  Update: 20160918
Avast Detected: False Result: None Version:  Update: 20160918
ClamAV Detected: False Result: None Version:  Update: 20160916
Kaspersky Detected: False Result: None Version:  Update: 20160917
Alibaba Detected: False Result: None Version:  Update: 20160914
NANO-Antivirus Detected: False Result: None Version:  Update: 20160918
ViRobot Detected: False Result: None Version:  Update: 20160917
Rising Detected: False Result: None Version:  Update: 20160918
Ad-Aware Detected: False Result: None Version:  Update: 20160918
Sophos Detected: False Result: None Version:  Update: 20160918
Comodo Detected: False Result: None Version:  Update: 20160916
F-Secure Detected: False Result: None Version:  Update: 20160918
DrWeb Detected: False Result: None Version:  Update: 20160918
Zillya Detected: False Result: None Version:  Update: 20160915
TrendMicro Detected: False Result: None Version:  Update: 20160918
McAfee-GW-Edition Detected: False Result: None Version:  Update: 20160918
Emsisoft Detected: False Result: None Version:  Update: 20160918
Cyren Detected: False Result: None Version:  Update: 20160918
Jiangmin Detected: False Result: None Version:  Update: 20160917
Avira Detected: False Result: None Version:  Update: 20160917
Antiy-AVL Detected: False Result: None Version:  Update: 20160918
Kingsoft Detected: False Result: None Version:  Update: 20160918
Microsoft Detected: False Result: None Version:  Update: 20160917
SUPERAntiSpyware Detected: False Result: None Version:  Update: 20160917
GData Detected: False Result: None Version:  Update: 20160918
AhnLab-V3 Detected: False Result: None Version:  Update: 20160917
ALYac Detected: False Result: None Version:  Update: 20160918
AVware Detected: False Result: None Version:  Update: 20160918
VBA32 Detected: False Result: None Version:  Update: 20160917
Zoner Detected: False Result: None Version:  Update: 20160917
Tencent Detected: False Result: None Version:  Update: 20160918
Yandex Detected: False Result: None Version:  Update: 20160917
Ikarus Detected: False Result: None Version:  Update: 20160917
Fortinet Detected: False Result: None Version:  Update: 20160918
AVG Detected: False Result: None Version:  Update: 20160918
Panda Detected: False Result: None Version:  Update: 20160917
Qihoo-360 Detected: False Result: None Version:  Update: 20160918",https://www.threatcrowd.org/malware.php?md5=d41d8cd98f00b204e9800998ecf8427e,0117a6026e1a3fcff386558a2c7386deb4643662,d41d8cd98f00b204e9800998ecf8427e,,,intweb.mobwork.net,BackDoor.Comet.2020; Mal/MSIL-PX; Trojan.MSIL.Crypt; W32/Trojan.UEGX-7731; Backdoor*Win32/Fynloski; Trojan ( 004be5b21 ); MSIL/Packed.Confuser.P suspicious; Suspicious.0000000000480.mg; TR/Crypt.Xpack.440461; ,Invalid file hash,,,,,,,,,,,http://www.threatexpert.com/reports.aspx?find=D41D8CD98F00B204E9800998ECF8427E,"Mal/Behav-044, Trojan-Spy.Win32.Bancos
W32.Ramnit!inf, Virus.Win32.Nimnul.a, W32/Ramnit.a, W32/Patched-I..
W32.Ramnit!inf, Virus.Win32.Nimnul.a, W32/Ramnit.a, W32/Patched-I..
Backdoor:Win32/Zegost.Q, Backdoor.Win32.Inject
[High Risk]
Trojan:MSIL/Bladabindi.B
Trojan-Dropper.Win32.Dorifel
Win32.SuspectCrc, Backdoor.ProRAT.K
Trojan:MSIL/Bladabindi.B, Win32.SuspectCrc
W32.Kwbot.Worm, Trojan-Dropper.Win32.Loring, WORM_SDBOT.DMA..
Trojan:MSIL/Bladabindi.B
4"
B284A42B124849E71DBEF653D30229F1,MD5,False,https://www.virustotal.com/file/da3a3e5c3e436967c2f62d6e777b9f9b118ab995ee1a569161494489614c09fa/analysis/1472590869/,2016-08-30 21:01:09,da3a3e5c3e436967c2f62d6e777b9f9b118ab995ee1a569161494489614c09fa,0322a0ba58b95db9a2227f12d193fddea74cff89,b284a42b124849e71dbef653d30229f1,"Scan finished, information embedded",31,56,55.3571428571,"Bkav Detected: False Result: None Version:  Update: 20160830
MicroWorld-eScan Detected: True Result: Gen:Variant.Symmi.54995 Version:  Update: 20160830
nProtect Detected: False Result: None Version:  Update: 20160830
CMC Detected: False Result: None Version:  Update: 20160830
CAT-QuickHeal Detected: False Result: None Version:  Update: 20160830
McAfee Detected: True Result: Artemis!B284A42B1248 Version:  Update: 20160830
Malwarebytes Detected: False Result: None Version:  Update: 20160830
VIPRE Detected: True Result: Trojan.Win32.Generic!BT Version:  Update: 20160830
TheHacker Detected: False Result: None Version:  Update: 20160829
BitDefender Detected: True Result: Gen:Variant.Symmi.54995 Version:  Update: 20160830
K7GW Detected: True Result: Trojan ( 004d73c41 ) Version:  Update: 20160830
K7AntiVirus Detected: True Result: Trojan ( 004d73c41 ) Version:  Update: 20160830
TrendMicro Detected: True Result: TROJ_GEN.R02LC0RHU16 Version:  Update: 20160830
Baidu Detected: True Result: Win32.Backdoor.Yobdam.a Version:  Update: 20160830
F-Prot Detected: True Result: W32/S-832592b6!Eldorado Version:  Update: 20160830
Symantec Detected: True Result: Heur.AdvML.B Version:  Update: 20160830
TotalDefense Detected: False Result: None Version:  Update: 20160830
TrendMicro-HouseCall Detected: True Result: TROJ_GEN.R02LC0RHU16 Version:  Update: 20160830
Avast Detected: True Result: Win32:Malware-gen Version:  Update: 20160830
ClamAV Detected: False Result: None Version:  Update: 20160830
Kaspersky Detected: False Result: None Version:  Update: 20160830
Alibaba Detected: False Result: None Version:  Update: 20160830
NANO-Antivirus Detected: False Result: None Version:  Update: 20160830
ViRobot Detected: False Result: None Version:  Update: 20160830
SUPERAntiSpyware Detected: False Result: None Version:  Update: 20160830
Rising Detected: True Result: Malware.Generic!8PHSzFEMApC@5 (thunder) Version:  Update: 20160830
Ad-Aware Detected: True Result: Gen:Variant.Symmi.54995 Version:  Update: 20160830
Sophos Detected: True Result: Mal/Behav-009 Version:  Update: 20160830
Comodo Detected: False Result: None Version:  Update: 20160830
F-Secure Detected: True Result: Gen:Variant.Symmi.54995 Version:  Update: 20160830
DrWeb Detected: False Result: None Version:  Update: 20160830
Zillya Detected: False Result: None Version:  Update: 20160830
Invincea Detected: True Result: virus.win32.sality.h Version:  Update: 20160830
McAfee-GW-Edition Detected: True Result: BehavesLike.Win32.Downloader.cc Version:  Update: 20160830
Emsisoft Detected: True Result: Gen:Variant.Symmi.54995 (B) Version:  Update: 20160830
Cyren Detected: True Result: W32/S-832592b6!Eldorado Version:  Update: 20160830
Jiangmin Detected: True Result: TrojanDownloader.Agent.fjny Version:  Update: 20160830
Avira Detected: True Result: TR/ATRAPS.Gen2 Version:  Update: 20160830
Fortinet Detected: False Result: None Version:  Update: 20160830
Antiy-AVL Detected: False Result: None Version:  Update: 20160830
Kingsoft Detected: False Result: None Version:  Update: 20160830
Arcabit Detected: True Result: Trojan.Symmi.DD6D3 Version:  Update: 20160830
AegisLab Detected: False Result: None Version:  Update: 20160830
Microsoft Detected: False Result: None Version:  Update: 20160830
AhnLab-V3 Detected: False Result: None Version:  Update: 20160830
VBA32 Detected: False Result: None Version:  Update: 20160830
AVware Detected: True Result: Trojan.Win32.Generic!BT Version:  Update: 20160830
Zoner Detected: False Result: None Version:  Update: 20160830
ESET-NOD32 Detected: True Result: a variant of Win32/Delf.TJF Version:  Update: 20160830
Tencent Detected: True Result: Win32.Trojan.Atraps.Pefk Version:  Update: 20160830
Yandex Detected: False Result: None Version:  Update: 20160830
Ikarus Detected: True Result: Backdoor.Win32.Hupigon Version:  Update: 20160830
GData Detected: True Result: Gen:Variant.Symmi.54995 Version:  Update: 20160830
AVG Detected: True Result: Delf.AYAY Version:  Update: 20160830
Panda Detected: True Result: Trj/GdSda.A Version:  Update: 20160830
Qihoo-360 Detected: True Result: HEUR/QVM33.0.0000.Malware.Gen Version:  Update: 20160830",NA,,,,,,,https://otx.alienvault.com/indicator/file/B284A42B124849E71DBEF653D30229F1,0,,None,0322a0ba58b95db9a2227f12d193fddea74cff89,da3a3e5c3e436967c2f62d6e777b9f9b118ab995ee1a569161494489614c09fa,b284a42b124849e71dbef653d30229f1,24576:jkn0lw5QdZ35jueUc9zdvtRYl9v39gjg:jknWw5QdV5yeUcdvtRYl9v3Sjg,855552,PEXE,"PE32 executable (DLL) (GUI) Intel 80386, for MS Windows",http://www.threatexpert.com/reports.aspx?find=B284A42B124849E71DBEF653D30229F1,"Mal/Behav-009, Mal/Behav-009"
0322A0BA58B95DB9A2227F12D193FDDEA74CFF89,SHA-1,False,https://www.virustotal.com/file/da3a3e5c3e436967c2f62d6e777b9f9b118ab995ee1a569161494489614c09fa/analysis/1472590869/,2016-08-30 21:01:09,da3a3e5c3e436967c2f62d6e777b9f9b118ab995ee1a569161494489614c09fa,0322a0ba58b95db9a2227f12d193fddea74cff89,b284a42b124849e71dbef653d30229f1,"Scan finished, information embedded",31,56,55.3571428571,"Bkav Detected: False Result: None Version:  Update: 20160830
MicroWorld-eScan Detected: True Result: Gen:Variant.Symmi.54995 Version:  Update: 20160830
nProtect Detected: False Result: None Version:  Update: 20160830
CMC Detected: False Result: None Version:  Update: 20160830
CAT-QuickHeal Detected: False Result: None Version:  Update: 20160830
McAfee Detected: True Result: Artemis!B284A42B1248 Version:  Update: 20160830
Malwarebytes Detected: False Result: None Version:  Update: 20160830
VIPRE Detected: True Result: Trojan.Win32.Generic!BT Version:  Update: 20160830
TheHacker Detected: False Result: None Version:  Update: 20160829
BitDefender Detected: True Result: Gen:Variant.Symmi.54995 Version:  Update: 20160830
K7GW Detected: True Result: Trojan ( 004d73c41 ) Version:  Update: 20160830
K7AntiVirus Detected: True Result: Trojan ( 004d73c41 ) Version:  Update: 20160830
TrendMicro Detected: True Result: TROJ_GEN.R02LC0RHU16 Version:  Update: 20160830
Baidu Detected: True Result: Win32.Backdoor.Yobdam.a Version:  Update: 20160830
F-Prot Detected: True Result: W32/S-832592b6!Eldorado Version:  Update: 20160830
Symantec Detected: True Result: Heur.AdvML.B Version:  Update: 20160830
TotalDefense Detected: False Result: None Version:  Update: 20160830
TrendMicro-HouseCall Detected: True Result: TROJ_GEN.R02LC0RHU16 Version:  Update: 20160830
Avast Detected: True Result: Win32:Malware-gen Version:  Update: 20160830
ClamAV Detected: False Result: None Version:  Update: 20160830
Kaspersky Detected: False Result: None Version:  Update: 20160830
Alibaba Detected: False Result: None Version:  Update: 20160830
NANO-Antivirus Detected: False Result: None Version:  Update: 20160830
ViRobot Detected: False Result: None Version:  Update: 20160830
SUPERAntiSpyware Detected: False Result: None Version:  Update: 20160830
Rising Detected: True Result: Malware.Generic!8PHSzFEMApC@5 (thunder) Version:  Update: 20160830
Ad-Aware Detected: True Result: Gen:Variant.Symmi.54995 Version:  Update: 20160830
Sophos Detected: True Result: Mal/Behav-009 Version:  Update: 20160830
Comodo Detected: False Result: None Version:  Update: 20160830
F-Secure Detected: True Result: Gen:Variant.Symmi.54995 Version:  Update: 20160830
DrWeb Detected: False Result: None Version:  Update: 20160830
Zillya Detected: False Result: None Version:  Update: 20160830
Invincea Detected: True Result: virus.win32.sality.h Version:  Update: 20160830
McAfee-GW-Edition Detected: True Result: BehavesLike.Win32.Downloader.cc Version:  Update: 20160830
Emsisoft Detected: True Result: Gen:Variant.Symmi.54995 (B) Version:  Update: 20160830
Cyren Detected: True Result: W32/S-832592b6!Eldorado Version:  Update: 20160830
Jiangmin Detected: True Result: TrojanDownloader.Agent.fjny Version:  Update: 20160830
Avira Detected: True Result: TR/ATRAPS.Gen2 Version:  Update: 20160830
Fortinet Detected: False Result: None Version:  Update: 20160830
Antiy-AVL Detected: False Result: None Version:  Update: 20160830
Kingsoft Detected: False Result: None Version:  Update: 20160830
Arcabit Detected: True Result: Trojan.Symmi.DD6D3 Version:  Update: 20160830
AegisLab Detected: False Result: None Version:  Update: 20160830
Microsoft Detected: False Result: None Version:  Update: 20160830
AhnLab-V3 Detected: False Result: None Version:  Update: 20160830
VBA32 Detected: False Result: None Version:  Update: 20160830
AVware Detected: True Result: Trojan.Win32.Generic!BT Version:  Update: 20160830
Zoner Detected: False Result: None Version:  Update: 20160830
ESET-NOD32 Detected: True Result: a variant of Win32/Delf.TJF Version:  Update: 20160830
Tencent Detected: True Result: Win32.Trojan.Atraps.Pefk Version:  Update: 20160830
Yandex Detected: False Result: None Version:  Update: 20160830
Ikarus Detected: True Result: Backdoor.Win32.Hupigon Version:  Update: 20160830
GData Detected: True Result: Gen:Variant.Symmi.54995 Version:  Update: 20160830
AVG Detected: True Result: Delf.AYAY Version:  Update: 20160830
Panda Detected: True Result: Trj/GdSda.A Version:  Update: 20160830
Qihoo-360 Detected: True Result: HEUR/QVM33.0.0000.Malware.Gen Version:  Update: 20160830",NA,,,,,,,https://otx.alienvault.com/indicator/file/0322A0BA58B95DB9A2227F12D193FDDEA74CFF89,0,,None,0322a0ba58b95db9a2227f12d193fddea74cff89,da3a3e5c3e436967c2f62d6e777b9f9b118ab995ee1a569161494489614c09fa,b284a42b124849e71dbef653d30229f1,24576:jkn0lw5QdZ35jueUc9zdvtRYl9v39gjg:jknWw5QdV5yeUcdvtRYl9v3Sjg,855552,PEXE,"PE32 executable (DLL) (GUI) Intel 80386, for MS Windows",N/A,
E02CE6D73156A11BA84A798B26DE1D12,MD5,False,https://www.virustotal.com/file/26ee87d96144e5882302ae4f98ebd1c58f5f53223438e4a6498bf465848a8c0a/analysis/1470068910/,2016-08-01 16:28:30,26ee87d96144e5882302ae4f98ebd1c58f5f53223438e4a6498bf465848a8c0a,725e80cab7c88d7e960c478e1b975e003e0c0c66,e02ce6d73156a11ba84a798b26de1d12,"Scan finished, information embedded",54,55,98.1818181818,"Bkav Detected: True Result: W32.Sality.PE Version:  Update: 20160801
MicroWorld-eScan Detected: True Result: Win32.Sality.3 Version:  Update: 20160801
nProtect Detected: True Result: Virus/W32.Sality.D Version:  Update: 20160729
CMC Detected: True Result: Trojan.Win32.MicroFake!O Version:  Update: 20160801
CAT-QuickHeal Detected: True Result: W32.Sality.U Version:  Update: 20160801
McAfee Detected: True Result: W32/Sality.gen.z Version:  Update: 20160801
Malwarebytes Detected: True Result: Trojan.FakeLPK Version:  Update: 20160801
VIPRE Detected: True Result: Virus.Win32.Sality.at (v) Version:  Update: 20160801
TheHacker Detected: True Result: W32/Sality.gen Version:  Update: 20160729
BitDefender Detected: True Result: Win32.Sality.3 Version:  Update: 20160801
K7GW Detected: True Result: Trojan ( 0040f8ac1 ) Version:  Update: 20160801
K7AntiVirus Detected: True Result: Trojan ( 0040f8ac1 ) Version:  Update: 20160801
Baidu Detected: True Result: Win32.Virus.Sality.gen Version:  Update: 20160801
Cyren Detected: True Result: W32/Sality.gen2 Version:  Update: 20160801
Symantec Detected: True Result: W32.Sality.AE Version:  Update: 20160801
ESET-NOD32 Detected: True Result: Win32/Sality.NBA Version:  Update: 20160801
TrendMicro-HouseCall Detected: True Result: TROJ_VSTART.SMA Version:  Update: 20160801
Avast Detected: True Result: Win32:Malware-gen Version:  Update: 20160801
ClamAV Detected: True Result: Win.Trojan.Scar-545 Version:  Update: 20160801
Kaspersky Detected: True Result: Virus.Win32.Sality.gen Version:  Update: 20160801
Alibaba Detected: False Result: None Version:  Update: 20160801
NANO-Antivirus Detected: True Result: Virus.Win32.Sality.beygb Version:  Update: 20160801
ViRobot Detected: True Result: Win32.Sality.Gen.A[h] Version:  Update: 20160801
SUPERAntiSpyware Detected: True Result: Trojan.Agent/Gen-DDOS Version:  Update: 20160801
Ad-Aware Detected: True Result: Win32.Sality.3 Version:  Update: 20160801
Sophos Detected: True Result: Mal/Nitol-C Version:  Update: 20160801
Comodo Detected: True Result: Virus.Win32.Sality.gen Version:  Update: 20160801
F-Secure Detected: True Result: Win32.Sality.3 Version:  Update: 20160801
DrWeb Detected: True Result: Win32.Sector.30 Version:  Update: 20160801
Zillya Detected: True Result: Virus.Sality.Win32.25 Version:  Update: 20160731
TrendMicro Detected: True Result: TROJ_VSTART.SMA Version:  Update: 20160801
McAfee-GW-Edition Detected: True Result: BehavesLike.Win32.Sdbot.cc Version:  Update: 20160801
Emsisoft Detected: True Result: Win32.Sality.3 (B) Version:  Update: 20160801
F-Prot Detected: True Result: W32/Sality.gen2 Version:  Update: 20160801
Jiangmin Detected: True Result: Win32/HLLP.Kuku.Gen Version:  Update: 20160801
Avira Detected: True Result: W32/Sality.AT Version:  Update: 20160801
Fortinet Detected: True Result: W32/Generic.AC.2D85!tr Version:  Update: 20160801
Antiy-AVL Detected: True Result: Virus/Win32.Dzan.a Version:  Update: 20160801
Kingsoft Detected: True Result: Win32.Sality.lx.368640 Version:  Update: 20160801
Arcabit Detected: True Result: Win32.Sality.3 Version:  Update: 20160801
AegisLab Detected: True Result: Troj.W32.Gen.lZLu Version:  Update: 20160801
AhnLab-V3 Detected: True Result: Win32/Kashu.E Version:  Update: 20160801
Microsoft Detected: True Result: DDoS:Win32/Nitol.B Version:  Update: 20160801
TotalDefense Detected: True Result: Win32/Sality.AA Version:  Update: 20160801
ALYac Detected: True Result: Win32.Sality.3 Version:  Update: 20160801
AVware Detected: True Result: Virus.Win32.Sality.at (v) Version:  Update: 20160801
VBA32 Detected: True Result: Virus.Win32.Sality.bakc Version:  Update: 20160801
Zoner Detected: True Result: TrojanDownloader.ServStart.AC Version:  Update: 20160801
Tencent Detected: True Result: Trojan.Win32.FakeLpk.bkd Version:  Update: 20160801
Yandex Detected: True Result: Win32.Sality.BL Version:  Update: 20160731
Ikarus Detected: True Result: Trojan.Win32.ServStart Version:  Update: 20160801
GData Detected: True Result: Win32.Sality.3 Version:  Update: 20160801
AVG Detected: True Result: BackDoor.Generic_r.ARQ Version:  Update: 20160801
Panda Detected: True Result: W32/Sality.AA Version:  Update: 20160801
Qihoo-360 Detected: True Result: Backdoor.Win32.Rbot.B Version:  Update: 20160801",NA,,,,,,,https://otx.alienvault.com/indicator/file/E02CE6D73156A11BA84A798B26DE1D12,0,,None,,,,,,,,http://www.threatexpert.com/reports.aspx?find=E02CE6D73156A11BA84A798B26DE1D12,"W32.Sality.AE, Virus.Win32.Sality.gen, W32/Sality.gen.z, Mal/Sality-D.."
B4ED7AEDACD28CBBDE6978FB09C22C75,MD5,False,https://www.virustotal.com/file/6a6f5ca9ea72f4573e8406ef3c2539fee721093b48124d99bcdd3093a06b7638/analysis/1472590951/,2016-08-30 21:02:31,6a6f5ca9ea72f4573e8406ef3c2539fee721093b48124d99bcdd3093a06b7638,c6336ea255efa7371337c0882d175bee44cbbd49,b4ed7aedacd28cbbde6978fb09c22c75,"Scan finished, information embedded",56,58,96.5517241379,"Bkav Detected: True Result: W32.BackdoorWabot.Trojan Version:  Update: 20160830
MicroWorld-eScan Detected: True Result: Gen:Trojan.ShellIni.LHZ@aW0Tlfli Version:  Update: 20160830
nProtect Detected: True Result: Backdoor/W32.Wabot.1667584 Version:  Update: 20160830
CMC Detected: True Result: Backdoor.Win32.Wabot!O Version:  Update: 20160830
CAT-QuickHeal Detected: True Result: Trojan.Wabot.A8 Version:  Update: 20160830
ALYac Detected: True Result: Gen:Trojan.ShellIni.LHZ@aW0Tlfli Version:  Update: 20160830
Malwarebytes Detected: True Result: Backdoor.Wabot Version:  Update: 20160830
VIPRE Detected: True Result: Trojan.Win32.Generic!SB.0 Version:  Update: 20160830
SUPERAntiSpyware Detected: True Result: Trojan.Agent/Gen-Wabot Version:  Update: 20160830
CrowdStrike Detected: True Result: malicious_confidence_100% (W) Version:  Update: 20160725
Alibaba Detected: False Result: None Version:  Update: 20160830
K7GW Detected: True Result: Trojan ( 004be76d1 ) Version:  Update: 20160830
K7AntiVirus Detected: True Result: Trojan ( 004be76d1 ) Version:  Update: 20160830
TheHacker Detected: True Result: Backdoor/Wabot.a Version:  Update: 20160829
Invincea Detected: True Result: backdoor.win32.wabot.a Version:  Update: 20160830
Baidu Detected: True Result: Win32.Backdoor.Wabot.a Version:  Update: 20160830
F-Prot Detected: True Result: W32/A-a17f4dfc!Eldorado Version:  Update: 20160830
Symantec Detected: True Result: W32.Wabot Version:  Update: 20160830
TotalDefense Detected: True Result: Win32/DCMgreen.A Version:  Update: 20160830
Zoner Detected: True Result: I-Worm.Delf.NRF Version:  Update: 20160830
TrendMicro-HouseCall Detected: True Result: BKDR_WABOT.SMIA Version:  Update: 20160830
Avast Detected: True Result: Win32:Wabot [Trj] Version:  Update: 20160830
ClamAV Detected: True Result: Win.Trojan.Wabot-1 Version:  Update: 20160830
Kaspersky Detected: True Result: Backdoor.Win32.Wabot.a Version:  Update: 20160830
BitDefender Detected: True Result: Gen:Trojan.ShellIni.LHZ@aW0Tlfli Version:  Update: 20160830
NANO-Antivirus Detected: True Result: Trojan.Win32.Wabot.dmukv Version:  Update: 20160830
ViRobot Detected: True Result: Backdoor.Win32.Wabot.157619[h] Version:  Update: 20160830
Tencent Detected: True Result: Trojan.Win32.Wabot.a Version:  Update: 20160830
Ad-Aware Detected: True Result: Gen:Trojan.ShellIni.LHZ@aW0Tlfli Version:  Update: 20160830
Sophos Detected: True Result: Troj/Luiha-M Version:  Update: 20160830
Comodo Detected: True Result: Backdoor.Win32.Wabot.A Version:  Update: 20160830
F-Secure Detected: True Result: Gen:Trojan.ShellIni.LHZ@aW0Tlfli Version:  Update: 20160830
DrWeb Detected: True Result: Trojan.MulDrop2.11051 Version:  Update: 20160830
Zillya Detected: True Result: Backdoor.Wabot.Win32.1 Version:  Update: 20160830
TrendMicro Detected: True Result: BKDR_WABOT.SMIA Version:  Update: 20160830
McAfee-GW-Edition Detected: True Result: BehavesLike.Win32.Wabot.tc Version:  Update: 20160830
Emsisoft Detected: True Result: Gen:Trojan.ShellIni.LHZ@aW0Tlfli (B) Version:  Update: 20160830
Cyren Detected: True Result: W32/A-a17f4dfc!Eldorado Version:  Update: 20160830
Jiangmin Detected: True Result: Backdoor/Wabot.z Version:  Update: 20160830
Avira Detected: True Result: TR/Dldr.Delphi.Gen Version:  Update: 20160830
Antiy-AVL Detected: True Result: Trojan[Backdoor]/Win32.Wabot.a Version:  Update: 20160830
Kingsoft Detected: False Result: None Version:  Update: 20160830
Microsoft Detected: True Result: Backdoor:Win32/Wabot.A Version:  Update: 20160830
AegisLab Detected: True Result: Backdoor.W32.Wabot.tn6b Version:  Update: 20160830
GData Detected: True Result: Gen:Trojan.ShellIni.LHZ@aW0Tlfli Version:  Update: 20160830
AhnLab-V3 Detected: True Result: Worm/Win32.IRCBot.N2091513092 Version:  Update: 20160830
McAfee Detected: True Result: W32/Wabot Version:  Update: 20160830
AVware Detected: True Result: Trojan.Win32.Generic!SB.0 Version:  Update: 20160830
VBA32 Detected: True Result: Backdoor.Wabot Version:  Update: 20160830
Arcabit Detected: True Result: Trojan.ShellIni.ED32CE Version:  Update: 20160830
ESET-NOD32 Detected: True Result: Win32/Delf.NRF Version:  Update: 20160830
Rising Detected: True Result: Malware.Heuristic!ET (rdm+) Version:  Update: 20160830
Yandex Detected: True Result: Backdoor.Wabot!AWDH2njzaiI Version:  Update: 20160830
Ikarus Detected: True Result: P2P-Worm.Win32.Delf Version:  Update: 20160830
Fortinet Detected: True Result: W32/Generic.AC.234D!tr Version:  Update: 20160830
AVG Detected: True Result: BackDoor.Wabot.A Version:  Update: 20160830
Panda Detected: True Result: Backdoor Program Version:  Update: 20160830
Qihoo-360 Detected: True Result: Backdoor.Win32.Agent.DP Version:  Update: 20160830",NA,,,,,,,https://otx.alienvault.com/indicator/file/B4ED7AEDACD28CBBDE6978FB09C22C75,0,,None,c6336ea255efa7371337c0882d175bee44cbbd49,6a6f5ca9ea72f4573e8406ef3c2539fee721093b48124d99bcdd3093a06b7638,b4ed7aedacd28cbbde6978fb09c22c75,24576:51bR29qjMWFMeXgGOEF4Y9qxwW2dexOJ0LOG0MXO0+8vLisg9FMRSLFRM7UXF:5dAW6SpOEFwzOc5eZoL7xSh2QV,1667584,PEXE,"PE32 executable (GUI) Intel 80386, for MS Windows",http://www.threatexpert.com/reports.aspx?find=B4ED7AEDACD28CBBDE6978FB09C22C75,"Trojan.Gen, Backdoor.Win32.Wabot.a, W32/Wabot, Troj/Luiha-M.."
C6336EA255EFA7371337C0882D175BEE44CBBD49,SHA-1,False,https://www.virustotal.com/file/6a6f5ca9ea72f4573e8406ef3c2539fee721093b48124d99bcdd3093a06b7638/analysis/1472590951/,2016-08-30 21:02:31,6a6f5ca9ea72f4573e8406ef3c2539fee721093b48124d99bcdd3093a06b7638,c6336ea255efa7371337c0882d175bee44cbbd49,b4ed7aedacd28cbbde6978fb09c22c75,"Scan finished, information embedded",56,58,96.5517241379,"Bkav Detected: True Result: W32.BackdoorWabot.Trojan Version:  Update: 20160830
MicroWorld-eScan Detected: True Result: Gen:Trojan.ShellIni.LHZ@aW0Tlfli Version:  Update: 20160830
nProtect Detected: True Result: Backdoor/W32.Wabot.1667584 Version:  Update: 20160830
CMC Detected: True Result: Backdoor.Win32.Wabot!O Version:  Update: 20160830
CAT-QuickHeal Detected: True Result: Trojan.Wabot.A8 Version:  Update: 20160830
ALYac Detected: True Result: Gen:Trojan.ShellIni.LHZ@aW0Tlfli Version:  Update: 20160830
Malwarebytes Detected: True Result: Backdoor.Wabot Version:  Update: 20160830
VIPRE Detected: True Result: Trojan.Win32.Generic!SB.0 Version:  Update: 20160830
SUPERAntiSpyware Detected: True Result: Trojan.Agent/Gen-Wabot Version:  Update: 20160830
CrowdStrike Detected: True Result: malicious_confidence_100% (W) Version:  Update: 20160725
Alibaba Detected: False Result: None Version:  Update: 20160830
K7GW Detected: True Result: Trojan ( 004be76d1 ) Version:  Update: 20160830
K7AntiVirus Detected: True Result: Trojan ( 004be76d1 ) Version:  Update: 20160830
TheHacker Detected: True Result: Backdoor/Wabot.a Version:  Update: 20160829
Invincea Detected: True Result: backdoor.win32.wabot.a Version:  Update: 20160830
Baidu Detected: True Result: Win32.Backdoor.Wabot.a Version:  Update: 20160830
F-Prot Detected: True Result: W32/A-a17f4dfc!Eldorado Version:  Update: 20160830
Symantec Detected: True Result: W32.Wabot Version:  Update: 20160830
TotalDefense Detected: True Result: Win32/DCMgreen.A Version:  Update: 20160830
Zoner Detected: True Result: I-Worm.Delf.NRF Version:  Update: 20160830
TrendMicro-HouseCall Detected: True Result: BKDR_WABOT.SMIA Version:  Update: 20160830
Avast Detected: True Result: Win32:Wabot [Trj] Version:  Update: 20160830
ClamAV Detected: True Result: Win.Trojan.Wabot-1 Version:  Update: 20160830
Kaspersky Detected: True Result: Backdoor.Win32.Wabot.a Version:  Update: 20160830
BitDefender Detected: True Result: Gen:Trojan.ShellIni.LHZ@aW0Tlfli Version:  Update: 20160830
NANO-Antivirus Detected: True Result: Trojan.Win32.Wabot.dmukv Version:  Update: 20160830
ViRobot Detected: True Result: Backdoor.Win32.Wabot.157619[h] Version:  Update: 20160830
Tencent Detected: True Result: Trojan.Win32.Wabot.a Version:  Update: 20160830
Ad-Aware Detected: True Result: Gen:Trojan.ShellIni.LHZ@aW0Tlfli Version:  Update: 20160830
Sophos Detected: True Result: Troj/Luiha-M Version:  Update: 20160830
Comodo Detected: True Result: Backdoor.Win32.Wabot.A Version:  Update: 20160830
F-Secure Detected: True Result: Gen:Trojan.ShellIni.LHZ@aW0Tlfli Version:  Update: 20160830
DrWeb Detected: True Result: Trojan.MulDrop2.11051 Version:  Update: 20160830
Zillya Detected: True Result: Backdoor.Wabot.Win32.1 Version:  Update: 20160830
TrendMicro Detected: True Result: BKDR_WABOT.SMIA Version:  Update: 20160830
McAfee-GW-Edition Detected: True Result: BehavesLike.Win32.Wabot.tc Version:  Update: 20160830
Emsisoft Detected: True Result: Gen:Trojan.ShellIni.LHZ@aW0Tlfli (B) Version:  Update: 20160830
Cyren Detected: True Result: W32/A-a17f4dfc!Eldorado Version:  Update: 20160830
Jiangmin Detected: True Result: Backdoor/Wabot.z Version:  Update: 20160830
Avira Detected: True Result: TR/Dldr.Delphi.Gen Version:  Update: 20160830
Antiy-AVL Detected: True Result: Trojan[Backdoor]/Win32.Wabot.a Version:  Update: 20160830
Kingsoft Detected: False Result: None Version:  Update: 20160830
Microsoft Detected: True Result: Backdoor:Win32/Wabot.A Version:  Update: 20160830
AegisLab Detected: True Result: Backdoor.W32.Wabot.tn6b Version:  Update: 20160830
GData Detected: True Result: Gen:Trojan.ShellIni.LHZ@aW0Tlfli Version:  Update: 20160830
AhnLab-V3 Detected: True Result: Worm/Win32.IRCBot.N2091513092 Version:  Update: 20160830
McAfee Detected: True Result: W32/Wabot Version:  Update: 20160830
AVware Detected: True Result: Trojan.Win32.Generic!SB.0 Version:  Update: 20160830
VBA32 Detected: True Result: Backdoor.Wabot Version:  Update: 20160830
Arcabit Detected: True Result: Trojan.ShellIni.ED32CE Version:  Update: 20160830
ESET-NOD32 Detected: True Result: Win32/Delf.NRF Version:  Update: 20160830
Rising Detected: True Result: Malware.Heuristic!ET (rdm+) Version:  Update: 20160830
Yandex Detected: True Result: Backdoor.Wabot!AWDH2njzaiI Version:  Update: 20160830
Ikarus Detected: True Result: P2P-Worm.Win32.Delf Version:  Update: 20160830
Fortinet Detected: True Result: W32/Generic.AC.234D!tr Version:  Update: 20160830
AVG Detected: True Result: BackDoor.Wabot.A Version:  Update: 20160830
Panda Detected: True Result: Backdoor Program Version:  Update: 20160830
Qihoo-360 Detected: True Result: Backdoor.Win32.Agent.DP Version:  Update: 20160830",NA,,,,,,,https://otx.alienvault.com/indicator/file/C6336EA255EFA7371337C0882D175BEE44CBBD49,0,,None,c6336ea255efa7371337c0882d175bee44cbbd49,6a6f5ca9ea72f4573e8406ef3c2539fee721093b48124d99bcdd3093a06b7638,b4ed7aedacd28cbbde6978fb09c22c75,24576:51bR29qjMWFMeXgGOEF4Y9qxwW2dexOJ0LOG0MXO0+8vLisg9FMRSLFRM7UXF:5dAW6SpOEFwzOc5eZoL7xSh2QV,1667584,PEXE,"PE32 executable (GUI) Intel 80386, for MS Windows",N/A,
C43E6425E2485A47018ADE6022E43272,MD5,False,,,,,,"The requested resource is not among the finished, queued or pending scans",0,0,NaN,,NA,,,,,,,https://otx.alienvault.com/indicator/file/c43e6425e2485a47018ade6022e43272,0,,None,,,,,,,,N/A,
437808CD8621CC6900F0CA0379037072,MD5,False,,,,,,"The requested resource is not among the finished, queued or pending scans",0,0,NaN,,NA,,,,,,,https://otx.alienvault.com/indicator/file/437808cd8621cc6900f0ca0379037072,0,,None,,,,,,,,N/A,
D41D8CD98F00B204E9800998ECF8427E,MD5,True,https://www.virustotal.com/file/e3b0c44298fc1c149afbf4c8996fb92427ae41e4649b934ca495991b7852b855/analysis/1474160392/,2016-09-18 00:59:52,e3b0c44298fc1c149afbf4c8996fb92427ae41e4649b934ca495991b7852b855,da39a3ee5e6b4b0d3255bfef95601890afd80709,d41d8cd98f00b204e9800998ecf8427e,"Scan finished, information embedded",0,55,0.0,"Bkav Detected: False Result: None Version:  Update: 20160917
MicroWorld-eScan Detected: False Result: None Version:  Update: 20160918
nProtect Detected: False Result: None Version:  Update: 20160917
CMC Detected: False Result: None Version:  Update: 20160916
CAT-QuickHeal Detected: False Result: None Version:  Update: 20160917
McAfee Detected: False Result: None Version:  Update: 20160917
Malwarebytes Detected: False Result: None Version:  Update: 20160917
VIPRE Detected: False Result: None Version:  Update: 20160918
AegisLab Detected: False Result: None Version:  Update: 20160917
TheHacker Detected: False Result: None Version:  Update: 20160916
BitDefender Detected: False Result: None Version:  Update: 20160918
K7GW Detected: False Result: None Version:  Update: 20160917
K7AntiVirus Detected: False Result: None Version:  Update: 20160917
Arcabit Detected: False Result: None Version:  Update: 20160917
Baidu Detected: False Result: None Version:  Update: 20160914
F-Prot Detected: False Result: None Version:  Update: 20160918
Symantec Detected: False Result: None Version:  Update: 20160918
ESET-NOD32 Detected: False Result: None Version:  Update: 20160917
TrendMicro-HouseCall Detected: False Result: None Version:  Update: 20160918
Avast Detected: False Result: None Version:  Update: 20160918
ClamAV Detected: False Result: None Version:  Update: 20160916
Kaspersky Detected: False Result: None Version:  Update: 20160917
Alibaba Detected: False Result: None Version:  Update: 20160914
NANO-Antivirus Detected: False Result: None Version:  Update: 20160918
ViRobot Detected: False Result: None Version:  Update: 20160917
Rising Detected: False Result: None Version:  Update: 20160918
Ad-Aware Detected: False Result: None Version:  Update: 20160918
Sophos Detected: False Result: None Version:  Update: 20160918
Comodo Detected: False Result: None Version:  Update: 20160916
F-Secure Detected: False Result: None Version:  Update: 20160918
DrWeb Detected: False Result: None Version:  Update: 20160918
Zillya Detected: False Result: None Version:  Update: 20160915
TrendMicro Detected: False Result: None Version:  Update: 20160918
McAfee-GW-Edition Detected: False Result: None Version:  Update: 20160918
Emsisoft Detected: False Result: None Version:  Update: 20160918
Cyren Detected: False Result: None Version:  Update: 20160918
Jiangmin Detected: False Result: None Version:  Update: 20160917
Avira Detected: False Result: None Version:  Update: 20160917
Antiy-AVL Detected: False Result: None Version:  Update: 20160918
Kingsoft Detected: False Result: None Version:  Update: 20160918
Microsoft Detected: False Result: None Version:  Update: 20160917
SUPERAntiSpyware Detected: False Result: None Version:  Update: 20160917
GData Detected: False Result: None Version:  Update: 20160918
AhnLab-V3 Detected: False Result: None Version:  Update: 20160917
ALYac Detected: False Result: None Version:  Update: 20160918
AVware Detected: False Result: None Version:  Update: 20160918
VBA32 Detected: False Result: None Version:  Update: 20160917
Zoner Detected: False Result: None Version:  Update: 20160917
Tencent Detected: False Result: None Version:  Update: 20160918
Yandex Detected: False Result: None Version:  Update: 20160917
Ikarus Detected: False Result: None Version:  Update: 20160917
Fortinet Detected: False Result: None Version:  Update: 20160918
AVG Detected: False Result: None Version:  Update: 20160918
Panda Detected: False Result: None Version:  Update: 20160917
Qihoo-360 Detected: False Result: None Version:  Update: 20160918",https://www.threatcrowd.org/malware.php?md5=d41d8cd98f00b204e9800998ecf8427e,0117a6026e1a3fcff386558a2c7386deb4643662,d41d8cd98f00b204e9800998ecf8427e,,,intweb.mobwork.net,BackDoor.Comet.2020; Mal/MSIL-PX; Trojan.MSIL.Crypt; W32/Trojan.UEGX-7731; Backdoor*Win32/Fynloski; Trojan ( 004be5b21 ); MSIL/Packed.Confuser.P suspicious; Suspicious.0000000000480.mg; TR/Crypt.Xpack.440461; ,Invalid file hash,,,,,,,,,,,http://www.threatexpert.com/reports.aspx?find=d41d8cd98f00b204e9800998ecf8427e,"Mal/Behav-044, Trojan-Spy.Win32.Bancos
W32.Ramnit!inf, Virus.Win32.Nimnul.a, W32/Ramnit.a, W32/Patched-I..
W32.Ramnit!inf, Virus.Win32.Nimnul.a, W32/Ramnit.a, W32/Patched-I..
Backdoor:Win32/Zegost.Q, Backdoor.Win32.Inject
[High Risk]
Trojan:MSIL/Bladabindi.B
Trojan-Dropper.Win32.Dorifel
Win32.SuspectCrc, Backdoor.ProRAT.K
Trojan:MSIL/Bladabindi.B, Win32.SuspectCrc
W32.Kwbot.Worm, Trojan-Dropper.Win32.Loring, WORM_SDBOT.DMA..
Trojan:MSIL/Bladabindi.B
4"
09086237C41485F6FE4005C4B5BC6384,MD5,False,,,,,,"The requested resource is not among the finished, queued or pending scans",0,0,NaN,,NA,,,,,,,https://otx.alienvault.com/indicator/file/09086237c41485f6fe4005c4b5bc6384,0,,None,,,,,,,,N/A,
722AF0DFE55ABBF6474AF48662FB91D8,MD5,False,https://www.virustotal.com/file/2467a366f32ade28b9d0208d4271606bfa342bca2c3f719a842bb0fac87a5f20/analysis/1472895272/,2016-09-03 09:34:32,2467a366f32ade28b9d0208d4271606bfa342bca2c3f719a842bb0fac87a5f20,1d9010010aea2b2021673f4a9a1f749e4814fb5b,722af0dfe55abbf6474af48662fb91d8,"Scan finished, information embedded",0,56,0.0,"Bkav Detected: False Result: None Version:  Update: 20160901
MicroWorld-eScan Detected: False Result: None Version:  Update: 20160903
nProtect Detected: False Result: None Version:  Update: 20160903
CMC Detected: False Result: None Version:  Update: 20160901
CAT-QuickHeal Detected: False Result: None Version:  Update: 20160902
ALYac Detected: False Result: None Version:  Update: 20160903
Malwarebytes Detected: False Result: None Version:  Update: 20160903
Zillya Detected: False Result: None Version:  Update: 20160902
TheHacker Detected: False Result: None Version:  Update: 20160903
BitDefender Detected: False Result: None Version:  Update: 20160903
K7GW Detected: False Result: None Version:  Update: 20160903
K7AntiVirus Detected: False Result: None Version:  Update: 20160903
Baidu Detected: False Result: None Version:  Update: 20160903
F-Prot Detected: False Result: None Version:  Update: 20160903
Symantec Detected: False Result: None Version:  Update: 20160903
ESET-NOD32 Detected: False Result: None Version:  Update: 20160903
TrendMicro-HouseCall Detected: False Result: None Version:  Update: 20160903
Avast Detected: False Result: None Version:  Update: 20160903
ClamAV Detected: False Result: None Version:  Update: 20160903
Kaspersky Detected: False Result: None Version:  Update: 20160903
Alibaba Detected: False Result: None Version:  Update: 20160901
NANO-Antivirus Detected: False Result: None Version:  Update: 20160903
ViRobot Detected: False Result: None Version:  Update: 20160903
AegisLab Detected: False Result: None Version:  Update: 20160903
Rising Detected: False Result: None Version:  Update: 20160903
Ad-Aware Detected: False Result: None Version:  Update: 20160903
Sophos Detected: False Result: None Version:  Update: 20160903
Comodo Detected: False Result: None Version:  Update: 20160903
F-Secure Detected: False Result: None Version:  Update: 20160903
DrWeb Detected: False Result: None Version:  Update: 20160903
VIPRE Detected: False Result: None Version:  Update: 20160831
TrendMicro Detected: False Result: None Version:  Update: 20160903
McAfee-GW-Edition Detected: False Result: None Version:  Update: 20160903
Emsisoft Detected: False Result: None Version:  Update: 20160903
Cyren Detected: False Result: None Version:  Update: 20160903
Jiangmin Detected: False Result: None Version:  Update: 20160903
Avira Detected: False Result: None Version:  Update: 20160903
Fortinet Detected: False Result: None Version:  Update: 20160903
Antiy-AVL Detected: False Result: None Version:  Update: 20160903
Kingsoft Detected: False Result: None Version:  Update: 20160903
Arcabit Detected: False Result: None Version:  Update: 20160903
SUPERAntiSpyware Detected: False Result: None Version:  Update: 20160902
AhnLab-V3 Detected: False Result: None Version:  Update: 20160902
Microsoft Detected: False Result: None Version:  Update: 20160903
TotalDefense Detected: False Result: None Version:  Update: 20160903
McAfee Detected: False Result: None Version:  Update: 20160903
AVware Detected: False Result: None Version:  Update: 20160903
VBA32 Detected: False Result: None Version:  Update: 20160902
Zoner Detected: False Result: None Version:  Update: 20160903
Tencent Detected: False Result: None Version:  Update: 20160903
Yandex Detected: False Result: None Version:  Update: 20160902
Ikarus Detected: False Result: None Version:  Update: 20160903
GData Detected: False Result: None Version:  Update: 20160903
AVG Detected: False Result: None Version:  Update: 20160903
Panda Detected: False Result: None Version:  Update: 20160903
Qihoo-360 Detected: False Result: None Version:  Update: 20160903",NA,,,,,,,https://otx.alienvault.com/indicator/file/722af0dfe55abbf6474af48662fb91d8,0,,None,,,,,,,,N/A,
72B7C72C78082ADCF63472F3D7C10717,MD5,False,,,,,,"The requested resource is not among the finished, queued or pending scans",0,0,NaN,,NA,,,,,,,https://otx.alienvault.com/indicator/file/72b7c72c78082adcf63472f3d7c10717,0,,None,,,,,,,,N/A,
4D63D089958764E3AE4F4807D744A8C3,MD5,False,https://www.virustotal.com/file/227e939e4d8bcb0a11265199e85bae28e96a14f06eddebbfcc44804f80094663/analysis/1472895308/,2016-09-03 09:35:08,227e939e4d8bcb0a11265199e85bae28e96a14f06eddebbfcc44804f80094663,3aaa36aee7e240630c3d6568a89a7fb5615da4f8,4d63d089958764e3ae4f4807d744a8c3,"Scan finished, information embedded",0,56,0.0,"Bkav Detected: False Result: None Version:  Update: 20160901
MicroWorld-eScan Detected: False Result: None Version:  Update: 20160903
nProtect Detected: False Result: None Version:  Update: 20160903
CMC Detected: False Result: None Version:  Update: 20160901
CAT-QuickHeal Detected: False Result: None Version:  Update: 20160902
ALYac Detected: False Result: None Version:  Update: 20160903
Malwarebytes Detected: False Result: None Version:  Update: 20160903
Zillya Detected: False Result: None Version:  Update: 20160902
TheHacker Detected: False Result: None Version:  Update: 20160903
BitDefender Detected: False Result: None Version:  Update: 20160903
K7GW Detected: False Result: None Version:  Update: 20160903
K7AntiVirus Detected: False Result: None Version:  Update: 20160903
Baidu Detected: False Result: None Version:  Update: 20160903
F-Prot Detected: False Result: None Version:  Update: 20160903
Symantec Detected: False Result: None Version:  Update: 20160903
ESET-NOD32 Detected: False Result: None Version:  Update: 20160903
TrendMicro-HouseCall Detected: False Result: None Version:  Update: 20160903
Avast Detected: False Result: None Version:  Update: 20160903
ClamAV Detected: False Result: None Version:  Update: 20160903
Kaspersky Detected: False Result: None Version:  Update: 20160903
Alibaba Detected: False Result: None Version:  Update: 20160901
NANO-Antivirus Detected: False Result: None Version:  Update: 20160903
ViRobot Detected: False Result: None Version:  Update: 20160903
AegisLab Detected: False Result: None Version:  Update: 20160903
Rising Detected: False Result: None Version:  Update: 20160903
Ad-Aware Detected: False Result: None Version:  Update: 20160903
Sophos Detected: False Result: None Version:  Update: 20160903
Comodo Detected: False Result: None Version:  Update: 20160903
F-Secure Detected: False Result: None Version:  Update: 20160903
DrWeb Detected: False Result: None Version:  Update: 20160903
VIPRE Detected: False Result: None Version:  Update: 20160831
TrendMicro Detected: False Result: None Version:  Update: 20160903
McAfee-GW-Edition Detected: False Result: None Version:  Update: 20160903
Emsisoft Detected: False Result: None Version:  Update: 20160903
Cyren Detected: False Result: None Version:  Update: 20160903
Jiangmin Detected: False Result: None Version:  Update: 20160903
Avira Detected: False Result: None Version:  Update: 20160903
Fortinet Detected: False Result: None Version:  Update: 20160903
Antiy-AVL Detected: False Result: None Version:  Update: 20160903
Kingsoft Detected: False Result: None Version:  Update: 20160903
Arcabit Detected: False Result: None Version:  Update: 20160903
SUPERAntiSpyware Detected: False Result: None Version:  Update: 20160902
AhnLab-V3 Detected: False Result: None Version:  Update: 20160902
Microsoft Detected: False Result: None Version:  Update: 20160903
TotalDefense Detected: False Result: None Version:  Update: 20160903
McAfee Detected: False Result: None Version:  Update: 20160903
AVware Detected: False Result: None Version:  Update: 20160903
VBA32 Detected: False Result: None Version:  Update: 20160902
Zoner Detected: False Result: None Version:  Update: 20160903
Tencent Detected: False Result: None Version:  Update: 20160903
Yandex Detected: False Result: None Version:  Update: 20160902
Ikarus Detected: False Result: None Version:  Update: 20160903
GData Detected: False Result: None Version:  Update: 20160903
AVG Detected: False Result: None Version:  Update: 20160903
Panda Detected: False Result: None Version:  Update: 20160903
Qihoo-360 Detected: False Result: None Version:  Update: 20160903",NA,,,,,,,https://otx.alienvault.com/indicator/file/4d63d089958764e3ae4f4807d744a8c3,0,,None,,,,,,,,N/A,
8F5C93009247A2FFF6FB374D92493569,MD5,False,,,,,,"The requested resource is not among the finished, queued or pending scans",0,0,NaN,,NA,,,,,,,https://otx.alienvault.com/indicator/file/8f5c93009247a2fff6fb374d92493569,0,,None,,,,,,,,N/A,
9FE3F38EF5E6707A6562FA58DCA0C18D,MD5,False,,,,,,"The requested resource is not among the finished, queued or pending scans",0,0,NaN,,NA,,,,,,,https://otx.alienvault.com/indicator/file/9fe3f38ef5e6707a6562fa58dca0c18d,0,,None,,,,,,,,N/A,
5896E004F2217216B697D9482804BD9D,MD5,False,,,,,,"The requested resource is not among the finished, queued or pending scans",0,0,NaN,,NA,,,,,,,https://otx.alienvault.com/indicator/file/5896e004f2217216b697d9482804bd9d,0,,None,,,,,,,,N/A,
FD97C23426E0ACBB816B519CFC532FBC,MD5,False,,,,,,"The requested resource is not among the finished, queued or pending scans",0,0,NaN,,NA,,,,,,,https://otx.alienvault.com/indicator/file/fd97c23426e0acbb816b519cfc532fbc,0,,None,,,,,,,,N/A,
68C548D736CBD92384EEADB8697E8725,MD5,False,,,,,,"The requested resource is not among the finished, queued or pending scans",0,0,NaN,,NA,,,,,,,https://otx.alienvault.com/indicator/file/68c548d736cbd92384eeadb8697e8725,0,,None,,,,,,,,N/A,
882FE1C294EBB3ABB7F52D9D75EE773B,MD5,False,,,,,,"The requested resource is not among the finished, queued or pending scans",0,0,NaN,,NA,,,,,,,https://otx.alienvault.com/indicator/file/882fe1c294ebb3abb7f52d9d75ee773b,0,,None,,,,,,,,N/A,
10B2D46EA7EF795E244BB86A400D3B71,MD5,False,,,,,,"The requested resource is not among the finished, queued or pending scans",0,0,NaN,,NA,,,,,,,https://otx.alienvault.com/indicator/file/10b2d46ea7ef795e244bb86a400d3b71,0,,None,,,,,,,,N/A,
A19ACDB6C53FA07697FF294954111DDD,MD5,False,,,,,,"The requested resource is not among the finished, queued or pending scans",0,0,NaN,,NA,,,,,,,https://otx.alienvault.com/indicator/file/a19acdb6c53fa07697ff294954111ddd,0,,None,,,,,,,,N/A,
29E2241A3E4660C38A2698CB71C161B2,MD5,False,,,,,,"The requested resource is not among the finished, queued or pending scans",0,0,NaN,,NA,,,,,,,https://otx.alienvault.com/indicator/file/29e2241a3e4660c38a2698cb71c161b2,0,,None,,,,,,,,N/A,
C464EAA03D156FC77EF53DB778709DDD,MD5,False,,,,,,"The requested resource is not among the finished, queued or pending scans",0,0,NaN,,NA,,,,,,,https://otx.alienvault.com/indicator/file/c464eaa03d156fc77ef53db778709ddd,0,,None,,,,,,,,N/A,
7841AA4D680E37D4916D5F3E46CB672C,MD5,False,,,,,,"The requested resource is not among the finished, queued or pending scans",0,0,NaN,,NA,,,,,,,https://otx.alienvault.com/indicator/file/7841aa4d680e37d4916d5f3e46cb672c,0,,None,,,,,,,,N/A,
39413FB629ABFE361FBF2194A3340139,MD5,False,,,,,,"The requested resource is not among the finished, queued or pending scans",0,0,NaN,,NA,,,,,,,https://otx.alienvault.com/indicator/file/39413fb629abfe361fbf2194a3340139,0,,None,,,,,,,,N/A,
281D4E2C202B1FD9B0A915D7A0ED34CA,MD5,False,,,,,,"The requested resource is not among the finished, queued or pending scans",0,0,NaN,,NA,,,,,,,https://otx.alienvault.com/indicator/file/281d4e2c202b1fd9b0a915d7a0ed34ca,0,,None,,,,,,,,N/A,
4BF9A23F3A47741CDD62D0C8B43FB7F9,MD5,False,,,,,,"The requested resource is not among the finished, queued or pending scans",0,0,NaN,,NA,,,,,,,https://otx.alienvault.com/indicator/file/4bf9a23f3a47741cdd62d0c8b43fb7f9,0,,None,,,,,,,,N/A,
D7CB50F117B5501F853EB3E6785572B3,MD5,False,,,,,,"The requested resource is not among the finished, queued or pending scans",0,0,NaN,,NA,,,,,,,https://otx.alienvault.com/indicator/file/d7cb50f117b5501f853eb3e6785572b3,0,,None,,,,,,,,N/A,
60B3382E470CC887C938AEC11A6D4E3C,MD5,False,,,,,,"The requested resource is not among the finished, queued or pending scans",0,0,NaN,,NA,,,,,,,https://otx.alienvault.com/indicator/file/60b3382e470cc887c938aec11a6d4e3c,0,,None,,,,,,,,N/A,
F2FF1136DC5E73B0D30C7422AA52F628,MD5,False,,,,,,"The requested resource is not among the finished, queued or pending scans",0,0,NaN,,NA,,,,,,,https://otx.alienvault.com/indicator/file/f2ff1136dc5e73b0d30c7422aa52f628,0,,None,,,,,,,,N/A,
351CE7B80F53432E34C15A9DEE807DB3,MD5,False,,,,,,"The requested resource is not among the finished, queued or pending scans",0,0,NaN,,NA,,,,,,,https://otx.alienvault.com/indicator/file/351ce7b80f53432e34c15a9dee807db3,0,,None,,,,,,,,N/A,
A1ADC5F314857BB6F77508883FD0ECF1,MD5,False,,,,,,"The requested resource is not among the finished, queued or pending scans",0,0,NaN,,NA,,,,,,,https://otx.alienvault.com/indicator/file/a1adc5f314857bb6f77508883fd0ecf1,0,,None,,,,,,,,N/A,
2D098EF53D9F2457D209C1DCCB5BF643,MD5,False,,,,,,"The requested resource is not among the finished, queued or pending scans",0,0,NaN,,NA,,,,,,,https://otx.alienvault.com/indicator/file/2d098ef53d9f2457d209c1dccb5bf643,0,,None,,,,,,,,N/A,
2A0A5FA600ED3A60D4115D20F130916E,MD5,False,,,,,,"The requested resource is not among the finished, queued or pending scans",0,0,NaN,,NA,,,,,,,https://otx.alienvault.com/indicator/file/2a0a5fa600ed3a60d4115d20f130916e,0,,None,,,,,,,,N/A,
998A12EAEE95E4FAA40B6E7F9EAB66B4,MD5,False,,,,,,"The requested resource is not among the finished, queued or pending scans",0,0,NaN,,NA,,,,,,,https://otx.alienvault.com/indicator/file/998a12eaee95e4faa40b6e7f9eab66b4,0,,None,,,,,,,,N/A,
17DAF4D21F85B2EA158859BDFA5E5D18,MD5,False,,,,,,"The requested resource is not among the finished, queued or pending scans",0,0,NaN,,NA,,,,,,,https://otx.alienvault.com/indicator/file/17daf4d21f85b2ea158859bdfa5e5d18,0,,None,,,,,,,,N/A,
DDFEEE36220F23C8125CC0072CAD72FD,MD5,False,,,,,,"The requested resource is not among the finished, queued or pending scans",0,0,NaN,,NA,,,,,,,https://otx.alienvault.com/indicator/file/ddfeee36220f23c8125cc0072cad72fd,0,,None,,,,,,,,N/A,
59404212D43216AEC14D5DC55944F94C,MD5,False,,,,,,"The requested resource is not among the finished, queued or pending scans",0,0,NaN,,NA,,,,,,,https://otx.alienvault.com/indicator/file/59404212d43216aec14d5dc55944f94c,0,,None,,,,,,,,N/A,
CD320AD7714A625FC0DDE4D343815F70,MD5,False,,,,,,"The requested resource is not among the finished, queued or pending scans",0,0,NaN,,NA,,,,,,,https://otx.alienvault.com/indicator/file/cd320ad7714a625fc0dde4d343815f70,0,,None,,,,,,,,N/A,
EEF23A706E34FDAA9F6EDEC02B61B053,MD5,False,,,,,,"The requested resource is not among the finished, queued or pending scans",0,0,NaN,,NA,,,,,,,https://otx.alienvault.com/indicator/file/eef23a706e34fdaa9f6edec02b61b053,0,,None,,,,,,,,N/A,
53F6C4C36C2D8EF612BDEBBD11A6E1BE,MD5,False,,,,,,"The requested resource is not among the finished, queued or pending scans",0,0,NaN,,NA,,,,,,,https://otx.alienvault.com/indicator/file/53f6c4c36c2d8ef612bdebbd11a6e1be,0,,None,,,,,,,,N/A,
851109B3556F682902AACDFB02E63478,MD5,False,,,,,,"The requested resource is not among the finished, queued or pending scans",0,0,NaN,,NA,,,,,,,https://otx.alienvault.com/indicator/file/851109b3556f682902aacdfb02e63478,0,,None,,,,,,,,N/A,
168B9B13E89F51905C7AE4A128C4C2B8,MD5,False,,,,,,"The requested resource is not among the finished, queued or pending scans",0,0,NaN,,NA,,,,,,,https://otx.alienvault.com/indicator/file/168b9b13e89f51905c7ae4a128c4c2b8,0,,None,,,,,,,,N/A,
B521E723EDFEEA36D191EC8934E1DFC2,MD5,False,,,,,,"The requested resource is not among the finished, queued or pending scans",0,0,NaN,,NA,,,,,,,https://otx.alienvault.com/indicator/file/b521e723edfeea36d191ec8934e1dfc2,0,,None,,,,,,,,N/A,
A37283B22822F62F2C5E2DF912465411,MD5,False,,,,,,"The requested resource is not among the finished, queued or pending scans",0,0,NaN,,NA,,,,,,,https://otx.alienvault.com/indicator/file/a37283b22822f62f2c5e2df912465411,0,,None,,,,,,,,N/A,
E8E38677CFAC45C8004E0B1098F512BA,MD5,False,,,,,,"The requested resource is not among the finished, queued or pending scans",0,0,NaN,,NA,,,,,,,https://otx.alienvault.com/indicator/file/e8e38677cfac45c8004e0b1098f512ba,0,,None,,,,,,,,N/A,
